model,dataset,dataset_type
L1SVM,diabetes,original
L1SVM,diabetes,original
L1SVM,diabetes,original
L1SVM,diabetes,original
L1SVM,diabetes,original
L1SVM,diabetes,original
L1SVM,diabetes,original
L1SVM,diabetes,original
L1SVM,diabetes,original
L1SVM,diabetes,noise
L1SVM,diabetes,noise
L1SVM,diabetes,noise
L1SVM,diabetes,noise
L1SVM,diabetes,noise
L1SVM,diabetes,noise
L1SVM,diabetes,noise
L1SVM,diabetes,noise
L1SVM,diabetes,noise
L1SVM,diabetes,outlier
L1SVM,diabetes,outlier
L1SVM,diabetes,outlier
L1SVM,diabetes,outlier
L1SVM,diabetes,outlier
L1SVM,diabetes,outlier
L1SVM,diabetes,outlier
L1SVM,diabetes,outlier
L1SVM,diabetes,outlier
L1SVM,diabetes,both
L1SVM,diabetes,both
L1SVM,diabetes,both
L1SVM,diabetes,both
L1SVM,diabetes,both
L1SVM,diabetes,both
L1SVM,diabetes,both
L1SVM,diabetes,both
L1SVM,diabetes,both
